zone_id,timestamp,anomaly_score,is_disruption,predicted_surge_pct,affected_line,cascade_zone_ids,time_to_peak_min,z_subway,z_pickups,z_bikes,taxi_pickups,subway_ridership,bike_starts
1,2023-05-11 08:00:00,0.1665,0,0,-,,0,-0.2793,-0.6116,-1.2268,334,527,131
2,2023-05-11 08:00:00,0.2505,0,0,-,,0,-1.4929,-0.8494,0.4264,138,244,51
3,2023-05-11 08:00:00,0.1297,0,0,-,,0,0.8951,-0.1248,-0.4165,327,547,139
4,2023-05-11 08:00:00,0.1842,0,0,-,,0,0.6268,-1.3855,0.0844,132,244,38
5,2023-05-11 08:00:00,0.1765,0,0,-,,0,-0.8706,0.5298,-0.6336,101,168,39
6,2023-05-11 08:00:00,0.0399,0,0,-,,0,-0.0165,0.084,-0.4377,372,648,127
7,2023-05-11 08:00:00,0.0569,0,0,-,,0,0.1543,-0.1623,-0.3918,14,28,11
8,2023-05-11 08:00:00,0.1962,0,0,-,,0,0.1702,-1.3143,-0.9749,16,37,4
9,2023-05-11 08:00:00,0.1099,0,0,-,,0,0.0665,-0.0378,1.4013,127,174,47
10,2023-05-11 08:00:00,0.1111,0,0,-,,0,0.5765,0.3458,0.3451,324,531,139
11,2023-05-11 08:00:00,0.0993,0,0,-,,0,0.3312,-0.6247,-0.1979,214,392,99
12,2023-05-11 08:00:00,0.2885,0,0,-,,0,-1.6861,-0.4943,-1.1023,155,214,53
13,2023-05-11 08:00:00,0.1481,0,0,-,,0,0.881,0.4787,0.2809,10,15,3
14,2023-05-11 08:00:00,0.207,0,0,-,,0,0.6845,-1.3539,0.3606,62,88,23
15,2023-05-11 08:00:00,0.1341,0,0,-,,0,0.0534,1.3556,-0.2207,76,136,34
16,2023-05-11 08:00:00,0.2025,0,0,-,,0,-0.3349,-0.9803,1.2227,362,609,152
17,2023-05-11 08:00:00,0.1502,0,0,-,,0,-0.4995,0.9159,-0.3348,152,228,52
18,2023-05-11 08:00:00,0.236,0,0,-,,0,2.0341,-0.1051,0.3343,3,7,0
19,2023-05-11 08:00:00,0.1807,0,0,-,,0,0.2668,-1.2219,0.7302,50,75,21
20,2023-05-11 08:00:00,0.1177,0,0,-,,0,0.6236,0.1956,0.547,55,98,25
21,2023-05-11 08:00:00,0.1149,0,0,-,,0,0.1721,-0.8622,-0.3612,331,457,108
22,2023-05-11 08:00:00,0.1106,0,0,-,,0,0.0545,-0.5084,-0.8783,224,368,84
23,2023-05-11 08:00:00,0.0814,0,0,-,,0,-0.1031,0.5897,0.3079,80,140,29
24,2023-05-11 08:00:00,0.1371,0,0,-,,0,-0.3449,0.5153,-0.8347,3,4,1
25,2023-05-11 08:00:00,0.1767,0,0,-,,0,0.0082,1.8683,-0.283,22,32,10
26,2023-05-11 08:00:00,0.2725,0,0,-,,0,1.2671,-0.3204,-1.6668,78,180,37
27,2023-05-11 08:00:00,0.132,0,0,-,,0,0.1367,1.3125,-0.1252,204,335,93
28,2023-05-11 08:00:00,0.0858,0,0,-,,0,-0.0644,-0.6605,0.3405,20,30,3
29,2023-05-11 08:00:00,0.0998,0,0,-,,0,0.3635,-0.0711,-0.8056,26,45,13
30,2023-05-11 08:00:00,0.1126,0,0,-,,0,-0.8909,0.1097,-0.2005,60,80,28
31,2023-05-11 08:00:00,0.065,0,0,-,,0,0.1503,0.2527,0.4047,264,405,100
32,2023-05-11 08:00:00,0.2596,0,0,-,,0,1.0805,0.1854,-1.9048,6,15,5
33,2023-05-11 08:00:00,0.1849,0,0,-,,0,0.7893,0.8328,0.5115,104,162,41
34,2023-05-11 08:00:00,0.0758,0,0,-,,0,-0.1442,-0.6785,-0.0672,583,838,217
35,2023-05-11 08:00:00,0.1705,0,0,-,,0,-0.9831,-0.0155,0.9919,387,674,147
36,2023-05-11 08:00:00,0.1813,0,0,-,,0,1.3002,-0.2187,-0.4634,96,158,53
37,2023-05-11 08:00:00,0.0494,0,0,-,,0,0.025,0.2581,0.3554,524,857,195
38,2023-05-11 08:00:00,0.1286,0,0,-,,0,-0.5155,0.7922,-0.1538,244,360,84
39,2023-05-11 08:00:00,0.1827,0,0,-,,0,-0.5552,-0.498,1.1993,29,49,15
40,2023-05-11 08:00:00,0.1961,0,0,-,,0,0.9225,-1.0291,-0.2532,949,1451,386
41,2023-05-11 08:00:00,0.1791,0,0,-,,0,0.2644,-1.6233,0.2433,346,595,128
42,2023-05-11 08:00:00,0.1935,0,0,-,,0,1.0505,0.6697,-0.4569,393,639,162
43,2023-05-11 08:00:00,0.1469,0,0,-,,0,0.7454,-0.3142,-0.6463,518,866,240
44,2023-05-11 08:00:00,0.2449,0,0,-,,0,-1.2413,-0.8676,0.6787,967,1536,356
45,2023-05-11 08:00:00,0.1588,0,0,-,,0,-0.3396,0.7123,-0.9165,707,1083,264
46,2023-05-11 08:00:00,0.2808,0,0,-,,0,0.5244,-1.3565,1.614,671,1007,251
47,2023-05-11 08:00:00,0.1095,0,0,-,,0,-0.3075,0.2002,-0.8696,420,642,179
48,2023-05-11 08:00:00,0.1481,0,0,-,,0,0.5229,0.4481,-0.819,995,1709,403
49,2023-05-11 08:00:00,0.2417,0,0,-,,0,0.3561,0.4688,-2.3387,471,790,181
50,2023-05-11 08:00:00,0.1069,0,0,-,,0,-0.6251,-0.1396,0.4585,249,416,91
51,2023-05-11 08:00:00,0.1013,0,0,-,,0,0.0976,-1.0388,0.0694,971,1605,378
52,2023-05-11 08:00:00,0.1199,0,0,-,,0,-0.3514,0.2251,0.9243,456,725,172
53,2023-05-11 08:00:00,0.1329,0,0,-,,0,-1.1502,0.1937,-0.0249,1074,1726,420
54,2023-05-11 08:00:00,0.1004,0,0,-,,0,0.4843,-0.25,0.4357,250,371,98
55,2023-05-11 08:00:00,0.2354,0,0,-,,0,-1.2907,0.7499,-0.6135,1160,1682,407
56,2023-05-11 08:00:00,0.2193,0,0,-,,0,0.8011,-0.8268,-0.9841,592,928,246
57,2023-05-11 08:00:00,0.0527,0,0,-,,0,-0.1602,0.3257,-0.1334,1022,1644,396
58,2023-05-11 08:00:00,0.0968,0,0,-,,0,-0.2515,0.3947,-0.5426,1562,2497,610
59,2023-05-11 08:00:00,0.1041,0,0,-,,0,0.4902,0.5726,0.1025,1302,2235,531
60,2023-05-11 08:00:00,0.1499,0,0,-,,0,-0.7355,-0.1084,-0.9429,1898,3132,751
61,2023-05-11 08:00:00,0.1112,0,0,-,,0,-0.7556,0.0588,-0.431,226,390,97
62,2023-05-11 08:00:00,0.074,0,0,-,,0,-0.3358,0.1584,-0.3805,1560,2578,602
63,2023-05-11 08:00:00,0.3531,0,0,-,,0,1.124,-2.5095,-0.4419,843,1309,341
64,2023-05-11 08:00:00,0.3066,0,0,-,,0,-0.8846,0.8953,2.0095,461,726,169
65,2023-05-11 08:00:00,0.1382,0,0,-,,0,-0.0206,0.2551,-1.6087,536,717,203
66,2023-05-11 08:00:00,0.2725,0,0,-,,0,0.8314,1.142,-1.3185,319,519,132
67,2023-05-11 08:00:00,0.1575,0,0,-,,0,-1.517,0.0054,0.0752,279,340,97
68,2023-05-11 08:00:00,0.1896,0,0,-,,0,0.3732,1.2542,0.6684,1420,2154,557
69,2023-05-11 08:00:00,0.0496,0,0,-,,0,0.1356,-0.2735,0.1861,342,529,145
70,2023-05-11 08:00:00,0.1117,0,0,-,,0,-0.0105,-1.0317,-0.3448,690,1117,271
71,2023-05-11 08:00:00,0.0935,0,0,-,,0,-0.3182,0.3315,-0.4765,162,266,52
72,2023-05-11 08:00:00,0.1027,0,0,-,,0,0.175,0.8371,-0.2164,370,647,167
73,2023-05-11 08:00:00,0.1903,0,0,-,,0,-0.6433,-0.3429,1.3633,574,987,265
74,2023-05-11 08:00:00,0.1922,0,0,-,,0,-0.297,-1.2488,-0.8177,683,1095,266
75,2023-05-11 08:00:00,0.0876,0,0,-,,0,-0.2715,-0.1085,0.7204,1250,2000,502
76,2023-05-11 08:00:00,0.2798,0,0,-,,0,-1.3594,0.172,1.8137,1355,2121,551
77,2023-05-11 08:00:00,0.1218,0,0,-,,0,0.3743,-0.2553,-0.8837,418,631,168
78,2023-05-11 08:00:00,0.0887,0,0,-,,0,0.0114,0.5114,0.6297,1014,1701,411
79,2023-05-11 08:00:00,0.0914,0,0,-,,0,0.4723,0.3312,-0.2323,776,1272,325
80,2023-05-11 08:00:00,0.1026,0,0,-,,0,-0.4344,-0.0129,0.8125,596,921,211
81,2023-05-11 08:00:00,0.0474,0,0,-,,0,0.2333,0.109,-0.2099,141,245,56
82,2023-05-11 08:00:00,0.126,0,0,-,,0,0.6236,0.7105,-0.0616,414,644,178
83,2023-05-11 08:00:00,0.1915,0,0,-,,0,1.1089,0.775,0.2242,82,125,27
84,2023-05-11 08:00:00,0.183,0,0,-,,0,0.7828,1.2216,0.0406,727,1106,260
85,2023-05-11 08:00:00,0.0975,0,0,-,,0,-0.2583,-0.4413,0.4885,320,500,110
86,2023-05-11 08:00:00,0.2033,0,0,-,,0,-1.2069,-0.8367,-0.1807,154,208,61
87,2023-05-11 08:00:00,0.1534,0,0,-,,0,-0.3209,-0.845,0.7121,95,142,42
88,2023-05-11 08:00:00,0.141,0,0,-,,0,-0.016,-0.6873,1.1498,135,228,64
89,2023-05-11 08:00:00,0.1784,0,0,-,,0,-0.2146,-1.4269,0.5324,113,160,47
90,2023-05-11 08:00:00,0.2047,0,0,-,,0,-0.9162,0.2249,-1.3209,177,249,60
91,2023-05-11 08:00:00,0.1264,0,0,-,,0,0.0468,-0.9981,-0.54,97,181,41
92,2023-05-11 08:00:00,0.1347,0,0,-,,0,-0.6014,-0.5072,0.4518,47,55,13
93,2023-05-11 08:00:00,0.1103,0,0,-,,0,0.0636,0.9279,-0.3733,76,117,31
94,2023-05-11 08:00:00,0.1908,0,0,-,,0,-1.23,-0.0427,-0.8999,119,184,44
95,2023-05-11 08:00:00,0.1226,0,0,-,,0,0.1442,0.9026,0.461,229,337,97
96,2023-05-11 08:00:00,0.1039,0,0,-,,0,-0.9689,0.0308,-0.0627,72,109,26
97,2023-05-11 08:00:00,0.2107,0,0,-,,0,-1.6984,-0.37,-0.1404,82,127,26
98,2023-05-11 08:00:00,0.0796,0,0,-,,0,-0.0191,-0.368,0.6587,300,494,125
99,2023-05-11 08:00:00,0.2215,0,0,-,,0,1.0489,-0.3124,1.2687,72,140,37
100,2023-05-11 08:00:00,0.1545,0,0,-,,0,-0.5154,0.6512,-0.6818,33,44,10
101,2023-05-11 08:00:00,0.1576,0,0,-,,0,1.2799,0.1543,-0.235,147,246,57
102,2023-05-11 08:00:00,0.1768,0,0,-,,0,1.0904,0.5895,0.2605,54,90,25
103,2023-05-11 08:00:00,0.137,0,0,-,,0,0.8123,0.5589,-0.1282,57,101,20
104,2023-05-11 08:00:00,0.0754,0,0,-,,0,0.1387,-0.6818,-0.0654,7,10,6
105,2023-05-11 08:00:00,0.1197,0,0,-,,0,-1.0659,0.0748,0.0963,5,9,3
106,2023-05-11 08:00:00,0.1542,0,0,-,,0,0.0277,0.9506,-1.0116,68,69,26
107,2023-05-11 08:00:00,0.2474,0,0,-,,0,0.8896,-1.0724,-0.9668,196,344,81
108,2023-05-11 08:00:00,0.0872,0,0,-,,0,0.6461,-0.1186,0.1783,202,343,89
109,2023-05-11 08:00:00,0.1253,0,0,-,,0,0.8491,0.0646,0.4904,113,137,44
110,2023-05-11 08:00:00,0.2298,0,0,-,,0,-0.9503,-0.7948,-0.9596,7,15,5
111,2023-05-11 08:00:00,0.0716,0,0,-,,0,0.2865,0.0497,-0.5431,220,290,84
112,2023-05-11 08:00:00,0.1185,0,0,-,,0,-0.3482,-0.7539,0.2922,5,8,5
113,2023-05-11 08:00:00,0.0464,0,0,-,,0,-0.0857,-0.2961,0.1835,53,75,12
114,2023-05-11 08:00:00,0.3892,0,0,-,,0,-0.8359,2.4655,-1.4015,79,135,42
115,2023-05-11 08:00:00,0.2473,0,0,-,,0,-1.4987,-0.8784,0.3395,64,74,17
116,2023-05-11 08:00:00,0.1348,0,0,-,,0,0.0755,-1.2785,0.2895,33,39,10
117,2023-05-11 08:00:00,0.0417,0,0,-,,0,0.1635,-0.2466,0.0666,356,625,146
118,2023-05-11 08:00:00,0.1384,0,0,-,,0,-0.7803,-0.1612,0.6568,102,175,54
119,2023-05-11 08:00:00,0.1764,0,0,-,,0,1.1341,-0.1301,-0.7304,68,108,26
120,2023-05-11 08:00:00,0.1543,0,0,-,,0,0.1929,0.1752,1.6858,360,545,128
121,2023-05-11 08:00:00,0.2811,0,0,-,,0,-2.1144,0.244,-0.6905,173,268,77
122,2023-05-11 08:00:00,0.2946,0,0,-,,0,-1.7745,0.3319,1.2535,476,797,191
123,2023-05-11 08:00:00,0.1794,0,0,-,,0,-0.6882,-1.3257,-0.0016,172,278,81
124,2023-05-11 08:00:00,0.1728,0,0,-,,0,-0.1884,-0.4666,1.6112,247,367,85
125,2023-05-11 08:00:00,0.1955,0,0,-,,0,-0.934,-1.0736,0.1767,195,350,91
126,2023-05-11 08:00:00,0.1924,0,0,-,,0,0.9765,1.1206,0.0185,268,426,88
127,2023-05-11 08:00:00,0.115,0,0,-,,0,0.2169,-0.6885,-0.5034,235,431,90
128,2023-05-11 08:00:00,0.2227,0,0,-,,0,1.0749,0.8909,0.5739,138,236,61
129,2023-05-11 08:00:00,0.2671,0,0,-,,0,-1.341,0.6697,1.0801,63,106,30
130,2023-05-11 08:00:00,0.109,0,0,-,,0,0.3756,-0.2853,-0.6672,85,121,35
131,2023-05-11 08:00:00,0.0734,0,0,-,,0,0.1648,0.3843,0.3485,551,915,203
132,2023-05-11 08:00:00,0.1762,0,0,-,,0,1.2701,0.1165,-0.5533,77,154,28
133,2023-05-11 08:00:00,0.1346,0,0,-,,0,-0.1557,0.7584,-0.7819,64,80,12
134,2023-05-11 08:00:00,0.1399,0,0,-,,0,-0.3577,-0.4578,-0.9239,439,632,161
135,2023-05-11 08:00:00,0.1309,0,0,-,,0,-0.2995,-0.7077,-0.588,308,526,122
136,2023-05-11 08:00:00,0.1547,0,0,-,,0,0.6188,-0.5275,0.6846,315,475,108
137,2023-05-11 08:00:00,0.1797,0,0,-,,0,-0.3317,-0.9381,-0.9572,187,319,78
138,2023-05-11 08:00:00,0.2235,0,0,-,,0,1.6253,-0.3151,0.4853,160,292,77
139,2023-05-11 08:00:00,0.1254,0,0,-,,0,0.0624,-1.1475,0.3294,62,107,31
140,2023-05-11 08:00:00,0.0498,0,0,-,,0,0.2236,0.0584,-0.316,152,254,44
141,2023-05-11 08:00:00,0.2147,0,0,-,,0,-0.6995,-1.3214,-0.4846,18,16,7
142,2023-05-11 08:00:00,0.1004,0,0,-,,0,0.3231,-0.2324,-0.6824,265,360,86
143,2023-05-11 08:00:00,0.1375,0,0,-,,0,-0.2927,0.7473,0.6433,267,432,111
144,2023-05-11 08:00:00,0.3424,0,0,-,,0,-0.2531,2.5934,-1.4134,47,90,20
145,2023-05-11 08:00:00,0.1687,0,0,-,,0,0.1746,-1.7548,0.0695,67,127,32
146,2023-05-11 08:00:00,0.1628,0,0,-,,0,-0.5742,0.4985,0.8933,98,174,49
147,2023-05-11 08:00:00,0.1301,0,0,-,,0,0.7803,0.338,0.3352,37,69,19
148,2023-05-11 08:00:00,0.1399,0,0,-,,0,0.2851,-0.6842,0.7619,3,10,1
149,2023-05-11 08:00:00,0.3461,0,0,-,,0,-1.1572,0.6921,-2.418,20,15,4
150,2023-05-11 08:00:00,1.0,1,350,B,"151,152,153,154",14,-2.8612,3.4006,2.1254,71,7,30
151,2023-05-11 08:00:00,1.0,1,350,D,"152,153,154,155",18,-3.5469,3.1352,3.2815,33,2,0
152,2023-05-11 08:00:00,1.0,1,350,F,"153,154,155,156",11,-3.3335,2.1418,3.5075,482,40,107
153,2023-05-11 08:00:00,1.0,1,350,M,"154,155,156,157",4,-3.6199,2.5393,2.2451,451,70,121
154,2023-05-11 08:00:00,1.0,1,350,L,"155,156,157,158",11,-3.4234,2.9902,1.8134,209,32,41
155,2023-05-11 08:00:00,1.0,1,350,A,"156,157,158,159",18,-2.7759,3.0859,3.1478,1315,64,427
156,2023-05-11 08:00:00,1.0,1,350,C,"157,158,159,160",19,-3.1563,2.4698,3.1293,132,29,36
157,2023-05-11 08:00:00,1.0,1,350,E,"158,159,160,161",4,-3.3046,3.0478,3.8497,64,7,32
158,2023-05-11 08:00:00,1.0,1,350,1,"159,160,161,162",3,-3.0453,3.7613,2.1263,560,63,196
159,2023-05-11 08:00:00,1.0,1,350,2,"160,161,162,163",17,-3.5217,3.2645,2.9769,10,1,5
160,2023-05-11 08:00:00,0.8058,1,282,3,"161,162,163,164",8,-3.5002,3.8897,1.8427,196,35,119
161,2023-05-11 08:00:00,0.781,0,0,-,,0,-3.9849,2.7029,2.2019,110,6,41
162,2023-05-11 08:00:00,0.8387,1,293,5,"163,164,165,166",7,-3.1125,3.6537,3.1219,282,29,135
163,2023-05-11 08:00:00,0.7802,0,0,-,,0,-3.7847,2.8655,2.2812,1611,148,505
164,2023-05-11 08:00:00,0.832,1,291,N,"165,166,167,168",7,-4.0021,2.4529,3.1833,1386,187,350
165,2023-05-11 08:00:00,0.8086,1,283,Q,"166,167,168,169",9,-3.2215,3.6897,2.5058,234,58,112
166,2023-05-11 08:00:00,0.7868,0,0,-,,0,-2.9313,3.0828,3.3149,1656,276,506
167,2023-05-11 08:00:00,0.8459,1,296,W,"168,169,170,171",16,-3.4743,3.82,2.5213,86,9,20
168,2023-05-11 08:00:00,0.7445,0,0,-,,0,-2.5945,3.1425,3.1241,687,115,177
169,2023-05-11 08:00:00,0.7523,0,0,-,,0,-3.4521,3.1096,2.0718,919,47,237
170,2023-05-11 08:00:00,0.8817,1,308,7,"171,172,173,174",4,-3.7979,3.2756,3.2054,128,23,36
171,2023-05-11 08:00:00,0.7576,0,0,-,,0,-3.493,3.1531,2.0379,82,9,17
172,2023-05-11 08:00:00,0.8334,1,291,B,"173,174,175,176",17,-3.5434,3.6064,2.4987,303,27,80
173,2023-05-11 08:00:00,0.9401,1,329,D,"174,175,176,177",17,-3.7618,4.3243,2.8494,826,53,240
174,2023-05-11 08:00:00,0.8035,1,281,F,"175,176,177,178",16,-3.0993,3.1602,3.2234,600,66,157
175,2023-05-11 08:00:00,0.9155,1,320,M,"176,177,178,179",9,-3.713,3.3546,3.7052,470,34,164
176,2023-05-11 08:00:00,0.8374,1,293,L,"177,178,179,180",15,-4.392,2.3938,2.7818,343,54,94
177,2023-05-11 08:00:00,0.7829,0,0,-,,0,-3.6009,3.5097,1.8249,799,107,212
178,2023-05-11 08:00:00,0.7436,0,0,-,,0,-2.8526,2.6933,3.2746,595,49,142
179,2023-05-11 08:00:00,0.7585,0,0,-,,0,-3.3738,3.3611,1.9739,811,97,221
180,2023-05-11 08:00:00,0.178,0,0,-,,0,-0.3577,0.696,-1.1795,54,83,32
181,2023-05-11 08:00:00,0.0919,0,0,-,,0,-0.6383,-0.001,-0.3922,383,557,122
182,2023-05-11 08:00:00,0.2078,0,0,-,,0,0.7349,-1.579,0.0388,119,181,43
183,2023-05-11 08:00:00,0.1248,0,0,-,,0,0.8711,0.1267,0.3795,95,218,42
184,2023-05-11 08:00:00,0.1812,0,0,-,,0,0.5324,0.6845,0.9935,170,263,68
185,2023-05-11 08:00:00,0.1618,0,0,-,,0,-0.2331,-0.4445,-1.4208,132,202,40
186,2023-05-11 08:00:00,0.0928,0,0,-,,0,0.5493,0.3787,0.0884,361,574,153
187,2023-05-11 08:00:00,0.1901,0,0,-,,0,-0.2469,1.644,0.3982,166,284,67
188,2023-05-11 08:00:00,0.115,0,0,-,,0,-0.2384,-0.5241,0.6653,51,91,13
189,2023-05-11 08:00:00,0.0676,0,0,-,,0,-0.0723,-0.1341,-0.6881,180,316,84
190,2023-05-11 08:00:00,0.2922,0,0,-,,0,1.3246,1.4179,0.582,15,26,4
191,2023-05-11 08:00:00,0.2061,0,0,-,,0,-1.093,-0.9504,-0.2461,49,85,33
192,2023-05-11 08:00:00,0.0555,0,0,-,,0,0.3538,-0.1362,-0.1234,351,561,144
193,2023-05-11 08:00:00,0.1403,0,0,-,,0,0.8471,-0.014,-0.7617,331,514,125
194,2023-05-11 08:00:00,0.2581,0,0,-,,0,-2.4869,0.0205,0.1081,35,55,19
195,2023-05-11 08:00:00,0.1522,0,0,-,,0,-0.792,-0.318,0.651,138,305,79
196,2023-05-11 08:00:00,0.2877,0,0,-,,0,1.3356,-0.9655,1.0319,101,176,30
197,2023-05-11 08:00:00,0.0809,0,0,-,,0,-0.0934,0.6328,-0.2639,210,377,91
198,2023-05-11 08:00:00,0.1468,0,0,-,,0,0.0436,-1.1214,0.6852,49,99,29
199,2023-05-11 08:00:00,0.0623,0,0,-,,0,0.1161,0.3967,-0.2464,203,357,75
200,2023-05-11 08:00:00,0.2007,0,0,-,,0,0.5249,0.1901,-1.8535,292,489,127
201,2023-05-11 08:00:00,0.0785,0,0,-,,0,0.1321,-0.3124,0.5499,165,309,62
202,2023-05-11 08:00:00,0.2104,0,0,-,,0,0.9538,0.8236,0.6496,84,124,37
203,2023-05-11 08:00:00,0.1154,0,0,-,,0,0.0565,0.7787,0.6275,56,85,10
204,2023-05-11 08:00:00,0.1987,0,0,-,,0,-1.4195,0.0028,-0.7913,190,298,60
205,2023-05-11 08:00:00,0.1112,0,0,-,,0,-0.2683,-0.9094,0.1209,143,230,50
206,2023-05-11 08:00:00,0.2391,0,0,-,,0,1.1876,1.1644,-0.3269,212,307,69
207,2023-05-11 08:00:00,0.2054,0,0,-,,0,1.149,0.2764,0.9452,6,10,5
208,2023-05-11 08:00:00,0.2072,0,0,-,,0,-1.1057,-1.0367,-0.1435,264,390,111
209,2023-05-11 08:00:00,0.1509,0,0,-,,0,0.5884,-0.1086,-1.1628,68,82,32
210,2023-05-11 08:00:00,0.1881,0,0,-,,0,0.3026,1.2146,-0.7924,150,213,59
211,2023-05-11 08:00:00,0.1747,0,0,-,,0,-0.7572,-0.9537,0.273,146,221,49
212,2023-05-11 08:00:00,0.0263,0,0,-,,0,-0.0136,-0.0249,0.3207,387,546,149
213,2023-05-11 08:00:00,0.1701,0,0,-,,0,0.856,-0.1324,1.0282,191,337,82
214,2023-05-11 08:00:00,0.1078,0,0,-,,0,0.4091,0.1564,0.7543,385,637,142
215,2023-05-11 08:00:00,0.2294,0,0,-,,0,-1.0405,-0.0765,-1.6655,14,26,4
216,2023-05-11 08:00:00,0.1832,0,0,-,,0,-0.5951,-0.767,-0.8368,552,958,209
217,2023-05-11 08:00:00,0.0845,0,0,-,,0,0.606,-0.1337,0.1786,372,569,156
218,2023-05-11 08:00:00,0.1599,0,0,-,,0,0.376,-0.4177,-1.2247,45,66,24
219,2023-05-11 08:00:00,0.1622,0,0,-,,0,0.3239,1.5242,0.0389,216,337,86
220,2023-05-11 08:00:00,0.2765,0,0,-,,0,-1.4629,-0.7117,0.9924,176,293,69
221,2023-05-11 08:00:00,0.235,0,0,-,,0,-1.2734,-0.1992,1.2755,18,20,4
222,2023-05-11 08:00:00,0.1444,0,0,-,,0,-0.3474,0.841,0.5542,20,26,7
223,2023-05-11 08:00:00,0.0689,0,0,-,,0,0.2029,0.3621,-0.2578,222,359,88
224,2023-05-11 08:00:00,0.1415,0,0,-,,0,0.7966,0.6611,0.0945,106,169,43
225,2023-05-11 08:00:00,0.0779,0,0,-,,0,0.3726,-0.0119,-0.5555,34,57,17
226,2023-05-11 08:00:00,0.3246,0,0,-,,0,-1.8577,-1.362,-0.3553,83,130,33
227,2023-05-11 08:00:00,0.1408,0,0,-,,0,0.9443,-0.3878,0.1971,128,230,55
228,2023-05-11 08:00:00,0.1239,0,0,-,,0,0.272,-0.8427,-0.3709,662,992,254
229,2023-05-11 08:00:00,0.1645,0,0,-,,0,0.5539,1.2991,0.0117,10,29,12
230,2023-05-11 08:00:00,0.1329,0,0,-,,0,-0.4959,0.7625,0.2764,8,10,1
231,2023-05-11 08:00:00,0.1196,0,0,-,,0,0.0243,-0.1497,-1.4659,126,211,62
232,2023-05-11 08:00:00,0.23,0,0,-,,0,0.6931,-0.3974,-1.7857,55,78,22
233,2023-05-11 08:00:00,0.0381,0,0,-,,0,0.0268,0.3645,0.0709,211,322,76
234,2023-05-11 08:00:00,0.1427,0,0,-,,0,1.3444,-0.0787,0.0233,368,528,121
235,2023-05-11 08:00:00,0.2203,0,0,-,,0,-0.5711,1.3315,0.7312,202,361,96
236,2023-05-11 08:00:00,0.258,0,0,-,,0,0.9359,-1.0992,-1.0192,218,348,79
237,2023-05-11 08:00:00,0.2785,0,0,-,,0,2.3999,-0.1996,0.3062,38,73,19
238,2023-05-11 08:00:00,0.1602,0,0,-,,0,0.7736,-0.7308,0.3065,183,324,83
239,2023-05-11 08:00:00,0.0758,0,0,-,,0,-0.245,-0.3136,0.353,225,373,83
240,2023-05-11 08:00:00,0.1795,0,0,-,,0,0.0495,1.7957,0.3493,8,10,2
241,2023-05-11 08:00:00,0.2438,0,0,-,,0,-1.0538,0.2466,1.6503,275,367,104
242,2023-05-11 08:00:00,0.3684,0,0,-,,0,-2.608,-1.1238,0.1951,5,8,4
243,2023-05-11 08:00:00,0.1681,0,0,-,,0,-0.678,0.6784,-0.6126,134,238,64
244,2023-05-11 08:00:00,0.1068,0,0,-,,0,0.4893,-0.1156,-0.6748,154,283,66
245,2023-05-11 08:00:00,0.0894,0,0,-,,0,-0.2511,-0.3434,0.4991,223,362,83
246,2023-05-11 08:00:00,0.0712,0,0,-,,0,-0.4235,0.2997,-0.0549,43,75,30
247,2023-05-11 08:00:00,0.1147,0,0,-,,0,0.8797,0.0245,-0.346,105,178,39
248,2023-05-11 08:00:00,0.1286,0,0,-,,0,0.0088,1.0184,0.5999,175,276,70
249,2023-05-11 08:00:00,0.0873,0,0,-,,0,-0.3705,0.4109,-0.2245,117,173,42
250,2023-05-11 08:00:00,0.2755,0,0,-,,0,-2.2115,0.2337,0.4878,83,121,34
251,2023-05-11 08:00:00,0.109,0,0,-,,0,-0.0434,0.4773,-0.909,74,131,32
252,2023-05-11 08:00:00,0.1807,0,0,-,,0,1.0262,-0.9038,0.0393,232,395,103
253,2023-05-11 08:00:00,0.0922,0,0,-,,0,-0.0275,-0.5717,-0.5847,238,378,106
254,2023-05-11 08:00:00,0.1535,0,0,-,,0,0.2222,-0.845,0.8519,154,245,63
255,2023-05-11 08:00:00,0.0546,0,0,-,,0,-0.0455,-0.2817,-0.3718,8,11,3
256,2023-05-11 08:00:00,0.0147,0,0,-,,0,-0.0649,-0.0779,0.0245,368,562,147
257,2023-05-11 08:00:00,0.2151,0,0,-,,0,0.8264,-0.71,1.0258,22,36,9
258,2023-05-11 08:00:00,0.1932,0,0,-,,0,1.5472,-0.2706,-0.2228,161,276,65
259,2023-05-11 08:00:00,0.1631,0,0,-,,0,-0.6305,-0.2936,1.0588,146,261,58
260,2023-05-11 08:00:00,0.1174,0,0,-,,0,-0.1574,0.7159,0.5874,187,260,69
261,2023-05-11 08:00:00,0.1626,0,0,-,,0,-0.1137,1.3691,0.5196,277,444,128
262,2023-05-11 08:00:00,0.0451,0,0,-,,0,-0.1523,0.0539,-0.3552,139,209,52
263,2023-05-11 08:00:00,0.1974,0,0,-,,0,1.2586,0.3917,-0.5442,156,240,68
