zone_id,timestamp,anomaly_score,is_disruption,predicted_surge_pct,affected_line,cascade_zone_ids,time_to_peak_min,z_subway,z_pickups,taxi_pickups,subway_ridership,bike_starts
1,2023-01-31 23:00:00,0.02665008954445131,0,0,-,,0,0.0,-0.21320071635561047,0.0,0.0,0
2,2023-01-31 23:00:00,0.10015803819634202,0,0,-,,0,-0.6009482291780521,0.0,0.0,3336.0,0
3,2023-01-31 23:00:00,0.015603818719451594,0,0,-,,0,0.09362291231670956,0.0,0.0,1736.0,0
4,2023-01-31 23:00:00,0.07588426503994349,0,0,-,,0,-0.40029727206844906,0.0733444242282825,7.0,26648.0,1
5,2023-01-31 23:00:00,0.10351557682801392,0,0,-,,0,-0.4611929237013757,-0.21320071635561047,0.0,53.0,0
6,2023-01-31 23:00:00,0.10351557682801392,0,0,-,,0,-0.4611929237013757,-0.21320071635561047,0.0,53.0,0
7,2023-01-31 23:00:00,0.14014774867916124,0,0,-,,0,-0.6009482291780521,-0.3199176838625537,1.0,3336.0,0
8,2023-01-31 23:00:00,0.10015803819634202,0,0,-,,0,-0.6009482291780521,0.0,0.0,3336.0,0
9,2023-01-31 23:00:00,0.12680812774079334,0,0,-,,0,-0.6009482291780521,-0.21320071635561047,0.0,3336.0,0
10,2023-01-31 23:00:00,0.14203172674083123,0,0,-,,0,-0.6009482291780521,-0.33498950835591373,1.0,3336.0,0
11,2023-01-31 23:00:00,0.05916179067763655,0,0,-,,0,-0.3549707440658193,0.0,0.0,6100.0,0
12,2023-01-31 23:00:00,0.10091834785490025,0,0,-,,0,-0.40029727206844906,-0.27361708674793656,0.0,26648.0,0
13,2023-01-31 23:00:00,0.18728407306305436,0,0,-,,0,-0.40029727206844906,0.9645428884131695,8.0,26648.0,2
14,2023-01-31 23:00:00,0.05916179067763655,0,0,-,,0,-0.3549707440658193,0.0,0.0,6100.0,0
15,2023-01-31 23:00:00,0.10015803819634202,0,0,-,,0,-0.6009482291780521,0.0,0.0,3336.0,0
16,2023-01-31 23:00:00,0.12680812774079334,0,0,-,,0,-0.6009482291780521,-0.21320071635561047,0.0,3336.0,0
17,2023-01-31 23:00:00,0.14384097236468885,0,0,-,,0,-0.3549707440658193,-0.6774334534964183,0.0,6100.0,0
18,2023-01-31 23:00:00,0.015603818719451594,0,0,-,,0,0.09362291231670956,0.0,0.0,1736.0,0
19,2023-01-31 23:00:00,0.1486860106950209,0,0,-,,0,-0.6009482291780521,-0.38822377998943125,0.0,3336.0,0
20,2023-01-31 23:00:00,0.015603818719451594,0,0,-,,0,0.09362291231670956,0.0,0.0,1736.0,0
21,2023-01-31 23:00:00,0.05916179067763655,0,0,-,,0,-0.3549707440658193,0.0,0.0,6100.0,0
22,2023-01-31 23:00:00,0.10768976317631546,0,0,-,,0,-0.3549707440658193,-0.38822377998943125,0.0,6100.0,0
23,2023-01-31 23:00:00,0.1344362605925424,0,0,-,,0,-0.4611929237013757,-0.46056618647183833,0.0,53.0,0
24,2023-01-31 23:00:00,0.0679733742928724,0,0,-,,0,-0.40029727206844906,-0.01005729825171373,5.0,26648.0,1
25,2023-01-31 23:00:00,0.06333353716561312,0,0,-,,0,-0.3549707440658193,-0.03337397190381252,1.0,6100.0,0
26,2023-01-31 23:00:00,0.05916179067763655,0,0,-,,0,-0.3549707440658193,0.0,0.0,6100.0,0
27,2023-01-31 23:00:00,0.10015803819634202,0,0,-,,0,-0.6009482291780521,0.0,0.0,3336.0,0
28,2023-01-31 23:00:00,0.17963661971228312,0,0,-,,0,-0.6009482291780521,-0.6358286521275289,0.0,3336.0,0
29,2023-01-31 23:00:00,0.08581188022208786,0,0,-,,0,-0.3549707440658193,-0.21320071635561044,0.0,6100.0,0
30,2023-01-31 23:00:00,0.10015803819634202,0,0,-,,0,-0.6009482291780521,0.0,0.0,3336.0,0
31,2023-01-31 23:00:00,0.015603818719451594,0,0,-,,0,0.09362291231670956,0.0,0.0,1736.0,0
32,2023-01-31 23:00:00,0.05205980799303175,0,0,-,,0,0.09362291231670956,-0.2916479141886412,0.0,1736.0,0
33,2023-01-31 23:00:00,0.1786093147363076,0,0,-,,0,-0.3549707440658193,-0.9555801924693683,0.0,6100.0,0
34,2023-01-31 23:00:00,0.05916179067763655,0,0,-,,0,-0.3549707440658193,0.0,0.0,6100.0,0
35,2023-01-31 23:00:00,0.05916179067763655,0,0,-,,0,-0.3549707440658193,0.0,0.0,6100.0,0
36,2023-01-31 23:00:00,0.10768976317631546,0,0,-,,0,-0.3549707440658193,-0.38822377998943125,0.0,6100.0,0
37,2023-01-31 23:00:00,0.163744293994396,0,0,-,,0,-0.3549707440658193,0.8366600265340756,1.0,6100.0,0
38,2023-01-31 23:00:00,0.10015803819634202,0,0,-,,0,-0.6009482291780521,0.0,0.0,3336.0,0
39,2023-01-31 23:00:00,0.09336392652112863,0,0,-,,0,-0.3549707440658193,-0.27361708674793656,0.0,6100.0,0
40,2023-01-31 23:00:00,0.13394841897927395,0,0,-,,0,-0.3549707440658193,-0.5982930264130992,0.0,6100.0,0
41,2023-01-31 23:00:00,0.1192808311196071,0,0,-,,0,-0.40029727206844906,-0.4205169528655915,4.0,26648.0,1
42,2023-01-31 23:00:00,0.11307186105829861,0,0,-,,0,-0.40029727206844906,-0.3708451923751235,2.0,26648.0,0
43,2023-01-31 23:00:00,0.17421181441485645,0,0,-,,0,-0.40029727206844906,-0.8599648192275862,13.0,26648.0,3
44,2023-01-31 23:00:00,0.07686548728356261,0,0,-,,0,-0.4611929237013757,0.0,0.0,53.0,0
45,2023-01-31 23:00:00,0.20118514789973402,0,0,-,,0,-0.40029727206844906,-1.0757514871066067,1.0,26648.0,0
46,2023-01-31 23:00:00,0.015603818719451594,0,0,-,,0,0.09362291231670956,0.0,0.0,1736.0,0
47,2023-01-31 23:00:00,0.16951343001516586,0,0,-,,0,0.09362291231670956,1.231276890365714,1.0,1736.0,0
48,2023-01-31 23:00:00,0.10468225821333235,0,0,-,,0,-0.40029727206844906,-0.30372836961539346,125.0,26648.0,31
49,2023-01-31 23:00:00,0.10768976317631546,0,0,-,,0,-0.3549707440658193,0.3882237799894312,1.0,6100.0,0
50,2023-01-31 23:00:00,0.11031568643879423,0,0,-,,0,-0.40029727206844906,-0.34879579541908845,13.0,26648.0,3
51,2023-01-31 23:00:00,0.015603818719451594,0,0,-,,0,0.09362291231670956,0.0,0.0,1736.0,0
52,2023-01-31 23:00:00,0.09778143946846934,0,0,-,,0,-0.3549707440658193,-0.30895719032666236,0.0,6100.0,0
53,2023-01-31 23:00:00,0.10015803819634202,0,0,-,,0,-0.6009482291780521,0.0,0.0,3336.0,0
54,2023-01-31 23:00:00,0.08581188022208786,0,0,-,,0,-0.3549707440658193,-0.21320071635561047,0.0,6100.0,0
55,2023-01-31 23:00:00,0.08581188022208786,0,0,-,,0,-0.3549707440658193,-0.21320071635561047,0.0,6100.0,0
56,2023-01-31 23:00:00,0.178381315543185,0,0,-,,0,-0.6009482291780521,-0.6257862187747439,0.0,3336.0,0
57,2023-01-31 23:00:00,0.12680812774079334,0,0,-,,0,-0.6009482291780521,-0.21320071635561047,0.0,3336.0,0
58,2023-01-31 23:00:00,0.015603818719451594,0,0,-,,0,0.09362291231670956,0.0,0.0,1736.0,0
59,2023-01-31 23:00:00,0.015603818719451594,0,0,-,,0,0.09362291231670956,0.0,0.0,1736.0,0
60,2023-01-31 23:00:00,0.015603818719451594,0,0,-,,0,0.09362291231670956,0.0,0.0,1736.0,0
61,2023-01-31 23:00:00,0.15452621598493177,0,0,-,,0,-0.3549707440658193,0.7629154024583618,1.0,6100.0,0
62,2023-01-31 23:00:00,0.258592799482003,0,0,-,,0,-0.3549707440658193,1.5954480704349314,1.0,6100.0,0
63,2023-01-31 23:00:00,0.13592867222166938,0,0,-,,0,-0.3549707440658193,-0.6141350523522625,0.0,6100.0,0
64,2023-01-31 23:00:00,0.10015803819634202,0,0,-,,0,-0.6009482291780521,0.0,0.0,3336.0,0
65,2023-01-31 23:00:00,0.08722562430520404,0,0,-,,0,-0.3549707440658193,-0.22451066902053993,2.0,6100.0,0
66,2023-01-31 23:00:00,0.13502033410756242,0,0,-,,0,-0.3549707440658193,-0.606868347439407,0.0,6100.0,0
67,2023-01-31 23:00:00,0.05916179067763655,0,0,-,,0,-0.3549707440658193,0.0,0.0,6100.0,0
68,2023-01-31 23:00:00,0.07905378801571668,0,0,-,,0,-0.40029727206844906,-0.09870060803446797,92.0,26648.0,23
69,2023-01-31 23:00:00,0.05422346751028439,0,0,-,,0,0.09362291231670956,-0.30895719032666236,0.0,1736.0,0
70,2023-01-31 23:00:00,0.28148105199905954,0,0,-,,0,-0.6009482291780521,-1.4505841104217403,14.0,3336.0,0
71,2023-01-31 23:00:00,0.05916179067763655,0,0,-,,0,-0.3549707440658193,0.0,0.0,6100.0,0
72,2023-01-31 23:00:00,0.05916179067763655,0,0,-,,0,-0.3549707440658193,0.0,0.0,6100.0,0
73,2023-01-31 23:00:00,0.10015803819634202,0,0,-,,0,-0.6009482291780521,0.0,0.0,3336.0,0
74,2023-01-31 23:00:00,0.0947951290781997,0,0,-,,0,-0.40029727206844906,-0.22463133653433223,4.0,26648.0,1
75,2023-01-31 23:00:00,0.18929275747937335,0,0,-,,0,-0.40029727206844906,-0.9806123637437214,6.0,26648.0,1
76,2023-01-31 23:00:00,0.13738506802447953,0,0,-,,0,-0.3549707440658193,-0.6257862187747439,0.0,6100.0,0
77,2023-01-31 23:00:00,0.09778143946846934,0,0,-,,0,-0.3549707440658193,-0.30895719032666236,0.0,6100.0,0
78,2023-01-31 23:00:00,0.015603818719451594,0,0,-,,0,0.09362291231670956,0.0,0.0,1736.0,0
79,2023-01-31 23:00:00,0.12672617748359458,0,0,-,,0,-0.40029727206844906,-0.4800797237774912,99.0,26648.0,24
80,2023-01-31 23:00:00,0.3866666446880571,0,0,-,,0,-0.3549707440658193,2.6200388320833645,3.0,6100.0,0
81,2023-01-31 23:00:00,0.015603818719451594,0,0,-,,0,0.09362291231670956,0.0,0.0,1736.0,0
82,2023-01-31 23:00:00,0.16981285524288597,0,0,-,,0,-0.6009482291780521,-0.5572385363723518,0.0,3336.0,0
83,2023-01-31 23:00:00,0.15392103505167745,0,0,-,,0,-0.6009482291780521,-0.43010397484268353,0.0,3336.0,0
84,2023-01-31 23:00:00,0.07686548728356261,0,0,-,,0,-0.4611929237013757,0.0,0.0,53.0,0
85,2023-01-31 23:00:00,0.08581188022208786,0,0,-,,0,-0.3549707440658193,-0.21320071635561047,0.0,6100.0,0
86,2023-01-31 23:00:00,0.10015803819634202,0,0,-,,0,-0.6009482291780521,0.0,0.0,3336.0,0
87,2023-01-31 23:00:00,0.1416350853442288,0,0,-,,0,-0.40029727206844906,-0.5993509866625649,11.0,26648.0,2
88,2023-01-31 23:00:00,0.10327063442487658,0,0,-,,0,-0.40029727206844906,-0.2924353793077472,6.0,26648.0,1
89,2023-01-31 23:00:00,0.10768976317631546,0,0,-,,0,-0.3549707440658193,-0.3882237799894312,0.0,6100.0,0
90,2023-01-31 23:00:00,0.07940578885308278,0,0,-,,0,-0.40029727206844906,-0.10151661473339677,67.0,26648.0,16
91,2023-01-31 23:00:00,0.5127265634883083,0,5,-,,0,-0.3549707440658193,3.6285181824853736,2.0,6100.0,0
92,2023-01-31 23:00:00,0.12680812774079334,0,0,-,,0,-0.6009482291780521,-0.21320071635561047,0.0,3336.0,0
93,2023-01-31 23:00:00,0.1855988211030726,0,0,-,,0,-0.6009482291780521,-0.6835262632538447,1.0,3336.0,0
94,2023-01-31 23:00:00,0.015603818719451594,0,0,-,,0,0.09362291231670956,0.0,0.0,1736.0,0
95,2023-01-31 23:00:00,0.18678196984110657,0,0,-,,0,-0.6009482291780521,-0.6929914531581163,0.0,3336.0,0
96,2023-01-31 23:00:00,0.10015803819634202,0,0,-,,0,-0.6009482291780521,0.0,0.0,3336.0,0
97,2023-01-31 23:00:00,0.15021323805668235,0,0,-,,0,-0.3549707440658193,0.7284115790323663,3.0,6100.0,0
98,2023-01-31 23:00:00,0.10015803819634202,0,0,-,,0,-0.6009482291780521,0.0,0.0,3336.0,0
99,2023-01-31 23:00:00,0.07686548728356261,0,0,-,,0,-0.4611929237013757,0.0,0.0,53.0,0
100,2023-01-31 23:00:00,0.1227387377579534,0,0,-,,0,-0.40029727206844906,0.44818020597236174,68.0,26648.0,17
101,2023-01-31 23:00:00,0.10015803819634202,0,0,-,,0,-0.6009482291780521,0.0,0.0,3336.0,0
102,2023-01-31 23:00:00,0.1486860106950209,0,0,-,,0,-0.6009482291780521,-0.38822377998943125,0.0,3336.0,0
103,2023-01-31 23:00:00,0.06671621201140818,0,0,-,,0,-0.40029727206844906,0.0,0.0,26648.0,0
104,2023-01-31 23:00:00,0.06671621201140818,0,0,-,,0,-0.40029727206844906,0.0,0.0,26648.0,0
105,2023-01-31 23:00:00,0.06671621201140818,0,0,-,,0,-0.40029727206844906,0.0,0.0,26648.0,0
106,2023-01-31 23:00:00,0.09778143946846934,0,0,-,,0,-0.3549707440658193,-0.30895719032666236,0.0,6100.0,0
107,2023-01-31 23:00:00,0.09411977557442179,0,0,-,,0,-0.40029727206844906,-0.21922850850410888,74.0,26648.0,18
108,2023-01-31 23:00:00,0.08581188022208786,0,0,-,,0,-0.3549707440658193,-0.21320071635561047,0.0,6100.0,0
109,2023-01-31 23:00:00,0.07686548728356261,0,0,-,,0,-0.4611929237013757,0.0,0.0,53.0,0
110,2023-01-31 23:00:00,0.07686548728356261,0,0,-,,0,-0.4611929237013757,0.0,0.0,53.0,0
111,2023-01-31 23:00:00,0.05916179067763655,0,0,-,,0,-0.3549707440658193,0.0,0.0,6100.0,0
112,2023-01-31 23:00:00,0.05916179067763655,0,0,-,,0,-0.3549707440658193,0.0,1.0,6100.0,0
113,2023-01-31 23:00:00,0.10089522254744877,0,0,-,,0,-0.40029727206844906,-0.2734320842883248,48.0,26648.0,12
114,2023-01-31 23:00:00,0.13076198806076814,0,0,-,,0,-0.40029727206844906,-0.5123662083948797,78.0,26648.0,19
115,2023-01-31 23:00:00,0.07686548728356261,0,0,-,,0,-0.4611929237013757,0.0,0.0,53.0,0
116,2023-01-31 23:00:00,0.16833123003587092,0,0,-,,0,-0.40029727206844906,0.8129201441957018,3.0,26648.0,0
117,2023-01-31 23:00:00,0.10015803819634202,0,0,-,,0,-0.6009482291780521,0.0,0.0,3336.0,0
118,2023-01-31 23:00:00,0.07686548728356261,0,0,-,,0,-0.4611929237013757,0.0,0.0,53.0,0
119,2023-01-31 23:00:00,0.042253908263902906,0,0,-,,0,0.09362291231670956,-0.21320071635561047,0.0,1736.0,0
120,2023-01-31 23:00:00,0.06671621201140818,0,0,-,,0,-0.40029727206844906,0.0,0.0,26648.0,0
121,2023-01-31 23:00:00,0.12680812774079334,0,0,-,,0,-0.6009482291780521,-0.21320071635561047,0.0,3336.0,0
122,2023-01-31 23:00:00,0.10015803819634202,0,0,-,,0,-0.6009482291780521,0.0,0.0,3336.0,0
123,2023-01-31 23:00:00,0.09778143946846934,0,0,-,,0,-0.3549707440658193,-0.30895719032666236,0.0,6100.0,0
124,2023-01-31 23:00:00,0.16924296616711776,0,0,-,,0,-0.6009482291780521,-0.552679423766206,0.0,3336.0,0
125,2023-01-31 23:00:00,0.08543555216311677,0,0,-,,0,-0.40029727206844906,-0.14975472121366878,18.0,26648.0,4
126,2023-01-31 23:00:00,0.05422346751028439,0,0,-,,0,0.09362291231670956,-0.30895719032666236,0.0,1736.0,0
127,2023-01-31 23:00:00,0.12428698532038797,0,0,-,,0,-0.40029727206844906,-0.46056618647183833,0.0,26648.0,0
128,2023-01-31 23:00:00,0.06671621201140818,0,0,-,,0,-0.40029727206844906,0.0,0.0,26648.0,0
129,2023-01-31 23:00:00,0.16924296616711776,0,0,-,,0,-0.6009482291780521,-0.552679423766206,0.0,3336.0,0
130,2023-01-31 23:00:00,0.24436849180348336,0,0,-,,0,-0.6009482291780521,-1.1536836288571308,0.0,3336.0,0
131,2023-01-31 23:00:00,0.13661402746992218,0,0,-,,0,-0.6009482291780521,-0.2916479141886412,0.0,3336.0,0
132,2023-01-31 23:00:00,0.19333166897348297,0,0,-,,0,-0.6009482291780521,-0.7453890462171278,236.0,3336.0,0
133,2023-01-31 23:00:00,0.10558714988927417,0,0,-,,0,-0.3549707440658193,-0.37140287369310093,0.0,6100.0,0
134,2023-01-31 23:00:00,0.1387776869871748,0,0,-,,0,-0.6009482291780521,-0.30895719032666236,0.0,3336.0,0
135,2023-01-31 23:00:00,0.1387776869871748,0,0,-,,0,-0.6009482291780521,-0.30895719032666236,0.0,3336.0,0
136,2023-01-31 23:00:00,0.042253908263902906,0,0,-,,0,0.09362291231670956,-0.21320071635561047,0.0,1736.0,0
137,2023-01-31 23:00:00,0.1563494179732661,0,0,-,,0,-0.40029727206844906,-0.7170656476948634,22.0,26648.0,5
138,2023-01-31 23:00:00,0.10603751343997361,0,0,-,,0,-0.6009482291780521,0.04703580194905277,188.0,3336.0,0
139,2023-01-31 23:00:00,0.10015803819634202,0,0,-,,0,-0.6009482291780521,0.0,0.0,3336.0,0
140,2023-01-31 23:00:00,0.18472825565987683,0,0,-,,0,-0.40029727206844906,-0.9440963491877491,18.0,26648.0,4
141,2023-01-31 23:00:00,0.1146494893457623,0,0,-,,0,-0.40029727206844906,-0.38346621867483294,50.0,26648.0,12
142,2023-01-31 23:00:00,0.0691842640474911,0,0,-,,0,-0.40029727206844906,0.019744416288663382,113.0,26648.0,28
143,2023-01-31 23:00:00,0.18343417490580716,0,0,-,,0,-0.40029727206844906,-0.9337437031551917,5.0,26648.0,1
144,2023-01-31 23:00:00,0.13389708158753533,0,0,-,,0,-0.40029727206844906,-0.5374469566090171,28.0,26648.0,7
145,2023-01-31 23:00:00,0.11677728893003922,0,0,-,,0,-0.6009482291780521,0.13295400586957765,2.0,3336.0,0
146,2023-01-31 23:00:00,0.2222840908111413,0,0,-,,0,-0.6009482291780521,0.9770084209183943,2.0,3336.0,0
147,2023-01-31 23:00:00,0.05422346751028439,0,0,-,,0,0.09362291231670956,-0.30895719032666236,0.0,1736.0,0
148,2023-01-31 23:00:00,0.11504216741456268,0,0,-,,0,-0.40029727206844906,-0.386607643225236,56.0,26648.0,14
149,2023-01-31 23:00:00,0.05916179067763655,0,0,-,,0,-0.3549707440658193,0.0,0.0,6100.0,0
150,2023-01-31 23:00:00,0.05916179067763655,0,0,-,,0,-0.3549707440658193,0.0,0.0,6100.0,0
151,2023-01-31 23:00:00,0.14119882326358785,0,0,-,,0,-0.40029727206844906,-0.5958608900174375,7.0,26648.0,1
152,2023-01-31 23:00:00,0.0734492392433445,0,0,-,,0,-0.40029727206844906,0.053864217855490545,1.0,26648.0,0
153,2023-01-31 23:00:00,0.10533586080224097,0,0,-,,0,-0.40029727206844906,-0.30895719032666236,0.0,26648.0,0
154,2023-01-31 23:00:00,0.05916179067763655,0,0,-,,0,-0.3549707440658193,0.0,0.0,6100.0,0
155,2023-01-31 23:00:00,0.09778143946846934,0,0,-,,0,-0.3549707440658193,-0.30895719032666236,0.0,6100.0,0
156,2023-01-31 23:00:00,0.07686548728356261,0,0,-,,0,-0.4611929237013757,0.0,0.0,53.0,0
157,2023-01-31 23:00:00,0.18358601475533134,0,0,-,,0,-0.6009482291780521,-0.6674238124719146,0.0,3336.0,0
158,2023-01-31 23:00:00,0.17877628837119475,0,0,-,,0,-0.40029727206844906,0.8964806108782927,71.0,26648.0,17
159,2023-01-31 23:00:00,0.05422346751028439,0,0,-,,0,0.09362291231670956,-0.30895719032666236,0.0,1736.0,0
160,2023-01-31 23:00:00,0.12680812774079334,0,0,-,,0,-0.6009482291780521,-0.21320071635561047,0.0,3336.0,0
161,2023-01-31 23:00:00,0.07863405800167164,0,0,-,,0,-0.40029727206844906,0.09534276792210777,125.0,26648.0,31
162,2023-01-31 23:00:00,0.07681321161488505,0,0,-,,0,-0.40029727206844906,0.08077599682781499,87.0,26648.0,21
163,2023-01-31 23:00:00,0.06807174642276813,0,0,-,,0,-0.40029727206844906,-0.01084427529087964,90.0,26648.0,22
164,2023-01-31 23:00:00,0.10777836729642767,0,0,-,,0,-0.40029727206844906,0.3284972422801559,107.0,26648.0,26
165,2023-01-31 23:00:00,0.09778143946846934,0,0,-,,0,-0.3549707440658193,-0.30895719032666236,0.0,6100.0,0
166,2023-01-31 23:00:00,0.1960104579757882,0,0,-,,0,-0.40029727206844906,-1.0343539677150402,5.0,26648.0,1
167,2023-01-31 23:00:00,0.05422346751028439,0,0,-,,0,0.09362291231670956,-0.30895719032666236,0.0,1736.0,0
168,2023-01-31 23:00:00,0.06962333100445729,0,0,-,,0,0.09362291231670956,-0.4321560982800456,0.0,1736.0,0
169,2023-01-31 23:00:00,0.042253908263902906,0,0,-,,0,0.09362291231670956,-0.21320071635561047,0.0,1736.0,0
170,2023-01-31 23:00:00,0.12092631559414352,0,0,-,,0,-0.40029727206844906,-0.4336808286618828,57.0,26648.0,14
171,2023-01-31 23:00:00,0.12680812774079334,0,0,-,,0,-0.6009482291780521,-0.21320071635561047,0.0,3336.0,0
172,2023-01-31 23:00:00,0.07686548728356261,0,0,-,,0,-0.4611929237013757,0.0,0.0,53.0,0
173,2023-01-31 23:00:00,0.1387776869871748,0,0,-,,0,-0.6009482291780521,-0.30895719032666236,0.0,3336.0,0
174,2023-01-31 23:00:00,0.042253908263902906,0,0,-,,0,0.09362291231670956,-0.21320071635561047,0.0,1736.0,0
175,2023-01-31 23:00:00,0.10015803819634202,0,0,-,,0,-0.6009482291780521,0.0,0.0,3336.0,0
176,2023-01-31 23:00:00,0.07686548728356261,0,0,-,,0,-0.4611929237013757,0.0,0.0,53.0,0
177,2023-01-31 23:00:00,0.112924787532972,0,0,-,,0,-0.3549707440658193,-0.43010397484268353,0.0,6100.0,0
178,2023-01-31 23:00:00,0.05916179067763655,0,0,-,,0,-0.3549707440658193,0.0,0.0,6100.0,0
179,2023-01-31 23:00:00,0.19308203090572051,0,0,-,,0,-0.6009482291780521,-0.7433919416750281,0.0,3336.0,0
180,2023-01-31 23:00:00,0.10015803819634202,0,0,-,,0,-0.6009482291780521,0.0,0.0,3336.0,0
181,2023-01-31 23:00:00,0.22401646609638573,0,0,-,,0,-0.3549707440658193,1.3188374033499934,4.0,6100.0,0
182,2023-01-31 23:00:00,0.015603818719451594,0,0,-,,0,0.09362291231670956,0.0,0.0,1736.0,0
183,2023-01-31 23:00:00,0.015603818719451594,0,0,-,,0,0.09362291231670956,0.0,0.0,1736.0,0
184,2023-01-31 23:00:00,0.015603818719451594,0,0,-,,0,0.09362291231670956,0.0,0.0,1736.0,0
185,2023-01-31 23:00:00,0.015603818719451594,0,0,-,,0,0.09362291231670956,0.0,0.0,1736.0,0
186,2023-01-31 23:00:00,0.1261504019413151,0,0,-,,0,-0.40029727206844906,0.4754735194392553,142.0,26648.0,35
187,2023-01-31 23:00:00,0.07686548728356261,0,0,-,,0,-0.4611929237013757,0.0,0.0,53.0,0
188,2023-01-31 23:00:00,0.13394841897927395,0,0,-,,0,-0.3549707440658193,-0.5982930264130992,0.0,6100.0,0
189,2023-01-31 23:00:00,0.13000001747313877,0,0,-,,0,-0.3549707440658193,-0.5667058143640179,0.0,6100.0,0
190,2023-01-31 23:00:00,0.10451826795870373,0,0,-,,0,-0.3549707440658193,-0.3628518182485374,0.0,6100.0,0
191,2023-01-31 23:00:00,0.1486860106950209,0,0,-,,0,-0.6009482291780521,-0.3882237799894312,0.0,3336.0,0
192,2023-01-31 23:00:00,0.10015803819634202,0,0,-,,0,-0.6009482291780521,0.0,0.0,3336.0,0
193,2023-01-31 23:00:00,0.1577288115053218,0,0,-,,0,-0.6009482291780521,-0.46056618647183833,0.0,3336.0,0
194,2023-01-31 23:00:00,0.11114608976763382,0,0,-,,0,-0.40029727206844906,-0.3554390220498052,0.0,26648.0,0
195,2023-01-31 23:00:00,0.05916179067763655,0,0,-,,0,-0.3549707440658193,0.0,0.0,6100.0,0
196,2023-01-31 23:00:00,0.16639018945962628,0,0,-,,0,-0.6009482291780521,-0.5298572101062741,0.0,3336.0,0
197,2023-01-31 23:00:00,0.1455145154774092,0,0,-,,0,-0.6009482291780521,-0.36285181824853746,0.0,3336.0,0
198,2023-01-31 23:00:00,0.13661402746992218,0,0,-,,0,-0.6009482291780521,-0.2916479141886412,0.0,3336.0,0
199,2023-01-31 23:00:00,0.042253908263902906,0,0,-,,0,0.09362291231670956,-0.21320071635561047,0.0,1736.0,0
200,2023-01-31 23:00:00,0.015603818719451594,0,0,-,,0,0.09362291231670956,0.0,0.0,1736.0,0
201,2023-01-31 23:00:00,0.10015803819634202,0,0,-,,0,-0.6009482291780521,0.0,0.0,3336.0,0
202,2023-01-31 23:00:00,0.32578469190181725,0,0,-,,0,-0.40029727206844906,2.0725478391232723,1.0,26648.0,0
203,2023-01-31 23:00:00,0.13661402746992218,0,0,-,,0,-0.6009482291780521,-0.2916479141886413,0.0,3336.0,0
204,2023-01-31 23:00:00,0.07686548728356261,0,0,-,,0,-0.4611929237013757,0.0,0.0,53.0,0
205,2023-01-31 23:00:00,0.10015803819634202,0,0,-,,0,-0.6009482291780521,0.0,0.0,3336.0,0
206,2023-01-31 23:00:00,0.07686548728356261,0,0,-,,0,-0.4611929237013757,0.0,0.0,53.0,0
207,2023-01-31 23:00:00,0.10015803819634202,0,0,-,,0,-0.6009482291780521,0.0,0.0,3336.0,0
208,2023-01-31 23:00:00,0.015603818719451594,0,0,-,,0,0.09362291231670956,0.0,0.0,1736.0,0
209,2023-01-31 23:00:00,0.17423388531440986,0,0,-,,0,-0.40029727206844906,-0.8601413864240136,3.0,26648.0,0
210,2023-01-31 23:00:00,0.05916179067763655,0,0,-,,0,-0.3549707440658193,0.0,0.0,6100.0,0
211,2023-01-31 23:00:00,0.11633908786206242,0,0,-,,0,-0.40029727206844906,-0.3969830068052339,25.0,26648.0,6
212,2023-01-31 23:00:00,0.042253908263902906,0,0,-,,0,0.09362291231670956,-0.21320071635561047,0.0,1736.0,0
213,2023-01-31 23:00:00,0.015603818719451594,0,0,-,,0,0.09362291231670956,0.0,0.0,1736.0,0
214,2023-01-31 23:00:00,0.07686548728356261,0,0,-,,0,-0.4611929237013757,0.0,0.0,53.0,0
215,2023-01-31 23:00:00,0.13450867424253343,0,0,-,,0,-0.6009482291780521,-0.2748050883695314,1.0,3336.0,0
216,2023-01-31 23:00:00,0.17709022005842498,0,0,-,,0,-0.6009482291780521,-0.6154574548966637,0.0,3336.0,0
217,2023-01-31 23:00:00,0.40128536848267266,0,0,-,,0,-0.3549707440658193,2.736988622440289,2.0,6100.0,0
218,2023-01-31 23:00:00,0.10015803819634202,0,0,-,,0,-0.6009482291780521,0.0,0.0,3336.0,0
219,2023-01-31 23:00:00,0.18461602878286404,0,0,-,,0,-0.6009482291780521,-0.6756639246921762,0.0,3336.0,0
220,2023-01-31 23:00:00,0.0422539082639029,0,0,-,,0,0.09362291231670956,-0.21320071635561044,0.0,1736.0,0
221,2023-01-31 23:00:00,0.07686548728356261,0,0,-,,0,-0.4611929237013757,0.0,0.0,53.0,0
222,2023-01-31 23:00:00,0.09778143946846934,0,0,-,,0,-0.3549707440658193,-0.30895719032666236,0.0,6100.0,0
223,2023-01-31 23:00:00,0.1744633809095169,0,0,-,,0,-0.6009482291780521,-0.5944427417053992,0.0,3336.0,0
224,2023-01-31 23:00:00,0.07192842492318137,0,0,-,,0,-0.40029727206844906,-0.041697703294185554,3.0,26648.0,0
225,2023-01-31 23:00:00,0.1253939419409208,0,0,-,,0,-0.3549707440658193,-0.5298572101062741,0.0,6100.0,0
226,2023-01-31 23:00:00,0.1504390598080001,0,0,-,,0,-0.6009482291780521,0.4022481728932646,3.0,3336.0,0
227,2023-01-31 23:00:00,0.05916179067763655,0,0,-,,0,-0.3549707440658193,0.0,0.0,6100.0,0
228,2023-01-31 23:00:00,0.3182302705680456,0,0,-,,0,-0.3549707440658193,2.0725478391232723,1.0,6100.0,0
229,2023-01-31 23:00:00,0.12524093501195968,0,0,-,,0,-0.40029727206844906,-0.4681977840044121,48.0,26648.0,12
230,2023-01-31 23:00:00,0.11209177317423796,0,0,-,,0,-0.40029727206844906,-0.3630044893026383,140.0,26648.0,35
231,2023-01-31 23:00:00,0.10671606771805092,0,0,-,,0,-0.40029727206844906,-0.3199988456531419,44.0,26648.0,11
232,2023-01-31 23:00:00,0.12707431059725743,0,0,-,,0,-0.40029727206844906,-0.482864788686794,4.0,26648.0,1
233,2023-01-31 23:00:00,0.1754787352144419,0,0,-,,0,-0.40029727206844906,-0.8701001856242699,15.0,26648.0,3
234,2023-01-31 23:00:00,0.06804864819421419,0,0,-,,0,-0.40029727206844906,-0.010659489462448131,108.0,26648.0,27
235,2023-01-31 23:00:00,0.015603818719451594,0,0,-,,0,0.09362291231670956,0.0,0.0,1736.0,0
236,2023-01-31 23:00:00,0.15823139091606742,0,0,-,,0,-0.40029727206844906,-0.7321214312372739,24.0,26648.0,6
237,2023-01-31 23:00:00,0.10470224838575956,0,0,-,,0,-0.40029727206844906,-0.303888290994811,77.0,26648.0,19
238,2023-01-31 23:00:00,0.11818468456444295,0,0,-,,0,-0.40029727206844906,-0.4117477804242781,24.0,26648.0,6
239,2023-01-31 23:00:00,0.14276393102429485,0,0,-,,0,-0.40029727206844906,-0.6083817521030934,30.0,26648.0,7
240,2023-01-31 23:00:00,0.015603818719451594,0,0,-,,0,0.09362291231670956,0.0,0.0,1736.0,0
241,2023-01-31 23:00:00,0.015603818719451594,0,0,-,,0,0.09362291231670956,0.0,0.0,1736.0,0
242,2023-01-31 23:00:00,0.21970796648425386,0,0,-,,0,0.09362291231670956,1.632833182118418,1.0,1736.0,0
243,2023-01-31 23:00:00,0.12428698532038797,0,0,-,,0,-0.40029727206844906,-0.46056618647183833,0.0,26648.0,0
244,2023-01-31 23:00:00,0.18845332716514682,0,0,-,,0,-0.40029727206844906,-0.9738969212299091,0.0,26648.0,0
245,2023-01-31 23:00:00,0.07686548728356261,0,0,-,,0,-0.4611929237013757,0.0,0.0,53.0,0
246,2023-01-31 23:00:00,0.12781037575847737,0,0,-,,0,-0.40029727206844906,0.48875330997655364,43.0,26648.0,10
247,2023-01-31 23:00:00,0.08563851115977358,0,0,-,,0,0.09362291231670956,-0.5602775395225759,0.0,1736.0,0
248,2023-01-31 23:00:00,0.015603818719451594,0,0,-,,0,0.09362291231670956,0.0,0.0,1736.0,0
249,2023-01-31 23:00:00,0.09935894017900126,0,0,-,,0,-0.40029727206844906,-0.2611418253407447,138.0,26648.0,34
250,2023-01-31 23:00:00,0.042253908263902906,0,0,-,,0,0.09362291231670956,-0.21320071635561047,0.0,1736.0,0
251,2023-01-31 23:00:00,0.07686548728356261,0,0,-,,0,-0.4611929237013757,0.0,0.0,53.0,0
252,2023-01-31 23:00:00,0.1387776869871748,0,0,-,,0,-0.6009482291780521,-0.30895719032666236,0.0,3336.0,0
253,2023-01-31 23:00:00,0.10015803819634202,0,0,-,,0,-0.6009482291780521,0.0,0.0,3336.0,0
254,2023-01-31 23:00:00,0.042253908263902906,0,0,-,,0,0.09362291231670956,-0.21320071635561047,0.0,1736.0,0
255,2023-01-31 23:00:00,0.15197784322591484,0,0,-,,0,-0.3549707440658193,-0.7425284203862264,0.0,6100.0,0
256,2023-01-31 23:00:00,0.05916179067763655,0,0,-,,0,-0.3549707440658193,0.0,2.0,6100.0,0
257,2023-01-31 23:00:00,0.05916179067763655,0,0,-,,0,-0.3549707440658193,0.0,0.0,6100.0,0
258,2023-01-31 23:00:00,0.1387776869871748,0,0,-,,0,-0.6009482291780521,-0.30895719032666236,0.0,3336.0,0
259,2023-01-31 23:00:00,0.015603818719451594,0,0,-,,0,0.09362291231670956,0.0,0.0,1736.0,0
260,2023-01-31 23:00:00,0.16639018945962628,0,0,-,,0,-0.6009482291780521,-0.5298572101062741,0.0,3336.0,0
261,2023-01-31 23:00:00,0.19982300892894406,0,0,-,,0,-0.40029727206844906,-1.064854375340287,5.0,26648.0,1
262,2023-01-31 23:00:00,0.12020432083634021,0,0,-,,0,-0.40029727206844906,-0.42790487059945626,11.0,26648.0,2
263,2023-01-31 23:00:00,0.11935869908359997,0,0,-,,0,-0.40029727206844906,-0.4211398965775343,41.0,26648.0,10
